{"epoch": 1, "total_loss": 0.08686523771485741, "LR": 0.0001, "_runtime": 1314, "_timestamp": 1623154624, "_step": 3, "avg_val_loss": 0.12711483814630165, "avg_accuracy": 0.9815077185630798, "train_loss": 0.08686523771485741, "eval_loss": 0.12711483814630165, "eval_accuracy": 0.9815077185630798}