{"epoch": 2, "total_loss": 0.0838593686986939, "LR": 0.0001, "_runtime": 1910, "_timestamp": 1623156813, "_step": 4, "avg_val_loss": 0.11168172542589257, "avg_accuracy": 0.9815077185630798, "train_loss": 0.08685231623969164, "eval_loss": 0.11168172542589257, "eval_accuracy": 0.9815077185630798}