{"epoch": 4, "total_loss": 0.08291278868992195, "LR": 0.0001, "_runtime": 3220, "_timestamp": 1623158123, "_step": 8, "avg_val_loss": 0.12834151538021593, "avg_accuracy": 0.9786838889122009, "train_loss": 0.08263661403276296, "eval_loss": 0.12834151538021593, "eval_accuracy": 0.9786838889122009}