{"epoch": 3, "total_loss": 0.08263661403276296, "LR": 0.0001, "_runtime": 2499, "_timestamp": 1623157402, "_step": 5, "avg_val_loss": 0.11168172542589257, "avg_accuracy": 0.9815077185630798, "train_loss": 0.08685231623969164, "eval_loss": 0.11168172542589257, "eval_accuracy": 0.9815077185630798}