{"epoch": 5, "total_loss": 0.08113756487763162, "LR": 0.0001, "_runtime": 3946, "_timestamp": 1623158849, "_step": 10, "avg_val_loss": 0.14320268490946436, "avg_accuracy": 0.9756284356117249, "train_loss": 0.08263661403276296, "eval_loss": 0.12834151538021593, "eval_accuracy": 0.9786838889122009}