{"epoch": 12, "total_loss": 0.07768738447200685, "LR": 0.0001, "_runtime": 8435, "_timestamp": 1623161422, "_step": 24, "avg_val_loss": 0.08528922159563411, "avg_accuracy": 0.9806345701217651, "train_loss": 0.07817120459817704, "eval_loss": 0.08528922159563411, "eval_accuracy": 0.9806345701217651}