{"epoch": 17, "total_loss": 0.07662960611993358, "LR": 0.0001, "_runtime": 11557, "_timestamp": 1623164544, "_step": 33, "avg_val_loss": 0.08417857438325882, "avg_accuracy": 0.9806345701217651, "train_loss": 0.07737381924830732, "eval_loss": 0.08417857438325882, "eval_accuracy": 0.9806345701217651}