{"epoch": 19, "total_loss": 0.07646907209640458, "LR": 0.0001, "_runtime": 12968, "_timestamp": 1623165955, "_step": 39, "avg_val_loss": 0.08367729119279167, "avg_accuracy": 0.9806345701217651, "train_loss": 0.07646907209640458, "eval_loss": 0.08367729119279167, "eval_accuracy": 0.9806345701217651}