{"epoch": 16, "total_loss": 0.07735270217415832, "LR": 0.0001, "_runtime": 10987, "_timestamp": 1623163974, "_step": 32, "avg_val_loss": 0.08417857438325882, "avg_accuracy": 0.9806345701217651, "train_loss": 0.07737381924830732, "eval_loss": 0.08417857438325882, "eval_accuracy": 0.9806345701217651}