{"epoch": 5, "total_loss": 0.08197409952325481, "LR": 0.0001, "_runtime": 4298, "_timestamp": 1623157285, "_step": 11, "avg_val_loss": 0.08828596499833194, "avg_accuracy": 0.9806345701217651, "train_loss": 0.08197409952325481, "eval_loss": 0.08828596499833194, "eval_accuracy": 0.9806345701217651}