{"epoch": 11, "total_loss": 0.07817120459817704, "LR": 0.0001, "_runtime": 7889, "_timestamp": 1623160876, "_step": 23, "avg_val_loss": 0.08528922159563411, "avg_accuracy": 0.9806345701217651, "train_loss": 0.07817120459817704, "eval_loss": 0.08528922159563411, "eval_accuracy": 0.9806345701217651}